-- ============================================================
-- Finding 测试数据 — 山东理工大学
-- 所有测试账号密码: 12345678
-- BCrypt($2a$10$...) hash for "12345678"
-- ============================================================

USE finding;

-- ============================================================
-- 测试用户 (5个)
-- ============================================================
INSERT INTO `user` (`id`, `username`, `password`, `phone`, `nickname`, `avatar`, `gender`, `school`, `student_id`, `signature`, `city`, `real_name_verified`, `status`, `role`, `last_login_at`) VALUES
(1, '13800000001', '$2a$10$pAEl9vM2h.sOYs25PXn3sOmfRU5UA/5g59gdgApLGUkIl0jGbTetW', '13800000001', '小明同学', NULL, 1, '山东理工大学', '2026001', '热爱运动，喜欢跑步和篮球 🏀', '淄博', 2, 1, 'user', NOW()),
(2, '13800000002', '$2a$10$pAEl9vM2h.sOYs25PXn3sOmfRU5UA/5g59gdgApLGUkIl0jGbTetW', '13800000002', '小美学姐', NULL, 2, '山东理工大学', '2023002', '大三在读，喜欢看电影和旅游 ✈️', '淄博', 2, 1, 'user', NOW()),
(3, '13800000003', '$2a$10$pAEl9vM2h.sOYs25PXn3sOmfRU5UA/5g59gdgApLGUkIl0jGbTetW', '13800000003', '程序员小刚', NULL, 1, '山东理工大学', '2026003', '计算机系，找一起刷题的学习搭子 📚', '淄博', 1, 1, 'user', NOW()),
(4, '13800000004', '$2a$10$pAEl9vM2h.sOYs25PXn3sOmfRU5UA/5g59gdgApLGUkIl0jGbTetW', '13800000004', '考研人小王', NULL, 1, '山东理工大学', '2021004', '24考研，找个备考搭子互相监督 💪', '淄博', 2, 1, 'user', NOW()),
(5, '13800000005', '$2a$10$pAEl9vM2h.sOYs25PXn3sOmfRU5UA/5g59gdgApLGUkIl0jGbTetW', '13800000005', '游戏少女', NULL, 2, '山东理工大学', '2026005', '又菜又爱玩，找游戏搭子 🎮', '淄博', 0, 1, 'user', NOW());

-- 管理员账号
INSERT INTO `user` (`id`, `username`, `password`, `phone`, `nickname`, `avatar`, `gender`, `school`, `real_name_verified`, `status`, `role`, `last_login_at`) VALUES
(10, 'admin', '$2a$10$pAEl9vM2h.sOYs25PXn3sOmfRU5UA/5g59gdgApLGUkIl0jGbTetW', '13800000000', '管理员', NULL, 0, '山东理工大学', 2, 1, 'admin', NOW());

-- ============================================================
-- 关注关系
-- ============================================================
INSERT INTO `user_follow` (`follower_id`, `followee_id`) VALUES
(1, 2), (1, 3), (2, 1), (2, 4), (3, 1), (3, 4), (4, 2), (4, 3), (5, 2);

-- ============================================================
-- 测试动态 (广场内容)
-- ============================================================
INSERT INTO `post` (`id`, `user_id`, `content`, `location`, `city`, `like_count`, `comment_count`, `view_count`, `is_hot`, `status`) VALUES
(1, 1, '今天操场跑步5公里，有没有一起的？🏃‍♂️ 每天下午6点东操场见！', '东操场', '淄博', 23, 5, 156, 1, 1),
(2, 2, '推荐一部超好看的电影《奥本海默》，有人一起去看吗？🎬', '万达影城', '淄博', 18, 8, 203, 1, 1),
(3, 3, 'LeetCode每日一题打卡 day30！找一起刷题的学习搭子 📚', '图书馆三楼', '淄博', 31, 12, 289, 1, 1),
(4, 4, '考研倒计时180天，今天复习了高数和英语，加油！💪', '自习室', '淄博', 15, 3, 98, 0, 1),
(5, 2, '周末去淄博万象汇逛街，有一起的姐妹吗？🛍️', '万象汇', '淄博', 9, 2, 67, 0, 1),
(6, 5, '王者荣耀上分，来个靠谱打野，我玩辅助 🎮', '宿舍', '淄博', 27, 15, 320, 1, 1),
(7, 3, '山东理工大学计算机学院大作业求组队，前端/后端都可以', '计算机学院', '淄博', 6, 4, 45, 0, 1),
(8, 1, '高考结束了，欢迎学弟学妹报考山东理工大学！🎓', '山东理工大学', '淄博', 42, 20, 520, 1, 1);

-- ============================================================
-- 测试点赞
-- ============================================================
INSERT INTO `post_like` (`post_id`, `user_id`) VALUES
(1, 2), (1, 3), (1, 4), (2, 1), (2, 3), (3, 1), (3, 2), (3, 4), (3, 5),
(4, 1), (4, 2), (5, 1), (6, 1), (6, 2), (6, 3), (6, 4), (7, 1), (8, 2), (8, 3), (8, 4), (8, 5);

-- ============================================================
-- 测试评论
-- ============================================================
INSERT INTO `post_comment` (`id`, `post_id`, `user_id`, `parent_id`, `content`) VALUES
(1, 1, 2, NULL, '我！明天一起跑 💪'),
(2, 1, 3, NULL, '几点开始？'),
(3, 1, 1, 2, '下午6点准时！'),
(4, 2, 1, NULL, '这周末有空，一起啊'),
(5, 3, 4, NULL, '我也是考研的，组个队吧'),
(6, 6, 3, NULL, '我是打野，加我一个'),
(7, 8, 2, NULL, '欢迎报考！校园很美的'),
(8, 8, 1, NULL, '有什么问题可以问我~');

-- ============================================================
-- 搭子邀约
-- ============================================================
INSERT INTO `mate_invitation` (`id`, `user_id`, `category`, `title`, `description`, `activity_time`, `location`, `max_participants`, `current_participants`, `status`) VALUES
(1, 1, 'sports', '东操场足球局', '周末下午踢球，缺5个人，来的报名 ⚽', '2026-07-05 15:00:00', '东操场', 10, 3, 1),
(2, 2, 'entertainment', '周六万象汇看电影', '看《奥本海默》，晚上7点场，看完顺便吃饭 🎬', '2026-07-04 19:00:00', '万象汇万达影城', 6, 4, 1),
(3, 3, 'study', '图书馆刷题搭子', '每天下午2点-6点图书馆三楼，已有3人，再招2人 📚', '2026-07-03 14:00:00', '图书馆三楼自习室', 5, 3, 1),
(4, 4, 'exam', '考研搭子互相监督', '找2-3个考研的伙伴，每天打卡复习进度 💪', '2026-07-02 08:00:00', '逸夫图书馆', 4, 2, 1),
(5, 5, 'gaming', '王者荣耀开黑', '晚上组队排位，来几个靠谱的队友 🎮', '2026-07-02 20:00:00', '线上', 5, 5, 2),
(6, 2, 'travel', '暑假泰山游', '7月中旬爬泰山，找3-5个同学一起 🏔️', '2026-07-15 06:00:00', '泰山', 6, 2, 1),
(7, 1, 'fitness', '健身房打卡', '学校健身房，每周一三五晚上7点，互相监督 💪', '2026-07-03 19:00:00', '学校健身房', 8, 4, 1);

-- ============================================================
-- 搭子参与者
-- ============================================================
INSERT INTO `mate_participant` (`invitation_id`, `user_id`, `status`) VALUES
(1, 2, 1), (1, 3, 1), (2, 1, 1), (2, 3, 1), (2, 4, 1),
(3, 1, 1), (3, 2, 1), (4, 1, 1), (5, 1, 1), (5, 2, 1), (5, 3, 1), (5, 4, 1),
(6, 1, 1), (7, 2, 1), (7, 3, 1), (7, 4, 1);

-- ============================================================
-- 消息通知
-- ============================================================
INSERT INTO `message` (`from_user_id`, `to_user_id`, `type`, `content`, `related_id`, `is_read`) VALUES
(2, 1, 'like', '赞了你的动态', 1, 0),
(3, 1, 'like', '赞了你的动态', 1, 0),
(3, 1, 'comment', '评论了你的动态：下午6点准时！', 1, 0),
(1, 2, 'like', '赞了你的动态', 2, 1),
(1, 3, 'mate_request', '申请加入你的搭子邀约「图书馆刷题搭子」', 3, 0),
(2, 1, 'mate_request', '申请加入你的搭子邀约「东操场足球局」', 1, 0),
(NULL, 1, 'system', '欢迎加入Finding！请完成学生实名认证以使用全部功能', NULL, 0),
(NULL, 5, 'system', '欢迎加入Finding！请完成学生实名认证以使用全部功能', NULL, 0);

-- ============================================================
-- 轮播Banner
-- ============================================================
INSERT INTO `banner` (`title`, `image_url`, `link_url`, `sort_order`, `is_active`) VALUES
('新生交友季', 'https://picsum.photos/800/300?random=1', '/mate', 1, 1),
('搭子匹配上线', 'https://picsum.photos/800/300?random=2', '/mate', 2, 1),
('实名认证指南', 'https://picsum.photos/800/300?random=3', '/mine/verify', 3, 1);

-- ============================================================
-- 系统公告
-- ============================================================
INSERT INTO `system_announcement` (`title`, `content`, `created_by`) VALUES
('关于平台学生实名认证的通知', '根据平台规定，所有用户需在注册后7天内完成学生实名认证。未认证用户将限制使用搭子匹配、私信等功能。请前往「我的-实名认证」页面提交认证材料。', 10),
('Finding平台正式上线啦！', '经过团队的努力，Finding大学生社交平台正式上线！欢迎山东理工大学的同学们使用。如果在使用过程中遇到问题，请联系客服。', 10);
